# THE SHAPE VOCABULARY of props — one row per PROFILE, and a profile is a body
# of revolution given by RINGS.
#
# WHY THIS EXISTS. Shape used to be a per-instance enum of two values (Box,
# Cylinder, sub/map_data.h), and each value cost a vertex shader, a lit
# pipeline, a shadow pipeline, its own instance buffer and three draw blocks.
# A third shape therefore cost all of that again — which is why a tree could
# not simply BE one. Here a shape is a ROW: segments around, rings up, and the
# radius each ring stands at. Adding a shape is a line of this file; nothing in
# the engine learns a new name (ЗАКОН СТРОКИ КАТАЛОГА).
#
# HOW A ROW BECOMES GEOMETRY. `segments` quads around the axis between every
# pair of neighbouring rings, plus one fan cap on top:
#     vertices = segments * 6 * (rings - 1) + segments * 3
# A ring of radius 0 collapses its quads into triangles by itself — a cone
# needs no special case and gets none.
#
# rings — "r@y;r@y;…", r = radius as a fraction of the prop's half-width,
#         y = height as a fraction of its height. Bottom first, top last.
#         Both are FRACTIONS so one profile serves a sapling and a redwood:
#         the instance carries the metres (Structure radius/height), the row
#         carries only the silhouette.
# bark_top — below this height fraction the surface is TRUNK, above it is
#         CROWN. One number instead of two materials, exactly as a house
#         splits wall from roof by vLocalY (struct.frag) — the idiom is already
#         in the tree.
# segments — how many sides around. This IS the retro budget knob: 5 and 6 read
#         as faceted-but-round at playing distance, and the cost of a shape is
#         linear in it.
# leaf_planes — how many flat cards stand crossed through the axis at each
#         leaf tier: 2 is the classic cross, 3 a star, 0 means the prop has no
#         foliage at all (a post, a boulder). THE OLD-SCHOOL ANSWER, and it is
#         here rather than in a mesh because foliage is not a surface — it is
#         a lot of leaves, and a card with a cut-out silhouette says that with
#         two triangles where a body of revolution lies about it with fifty.
# leaves  — "y@size;…", one tier per entry: y = height fraction the tier
#         stands at, size = its half-width as a fraction of the prop's. Tiers
#         are what make a conifer ANGULAR instead of smooth — a cone of
#         revolution is exactly the toy look the owner rejected.
# bark_*  — the trunk's colour. It lives HERE and the crown's does NOT, and the
#         split is by question rather than by convenience: a crown is read at
#         both scales (the near tree and the far canopy are the same wood seen
#         from two distances), so its colour is the cover row `canopy` that
#         both read; bark exists only within arm's reach, so it belongs to the
#         thing that has arms — the prop's own row.
id,name,segments,bark_top,bark_r,bark_g,bark_b,rings,leaf_planes,leaves,note
0,tree_conifer,3,0.98,0.26,0.19,0.13,0.10@0.00;0.04@1.00,4,0.26@0.92;0.50@0.74;0.74@0.50,"THE tree of the 3×3 window, old-school: a FOUR-SIDED tapering trunk running the whole height, and three tiers of crossed cards for the foliage. Four sides and not six on purpose — the sixth made it smooth, and smooth is the toy look. Bark runs to 0.98 because the trunk IS bark all the way; the leaves are not on it, they are the cards. 3 tiers × 3 cards and a trunk of 3 rings"
1,tree_broadleaf,4,0.62,0.30,0.22,0.15,0.12@0.00;0.09@0.40;0.05@1.00,4,0.52@0.95;0.76@0.78,"A ROUND-HEADED TREE for valleys and meadows: a thicker trunk that forks higher, and two broad tiers instead of a conifer's narrow ladder. The bark line sits at 0.62 because a broadleaf shows trunk for well over half its height before the head starts"
2,tree_palm,3,0.86,0.33,0.26,0.17,0.09@0.00;0.05@1.00,5,0.88@1.05,"TROPICS AND SWAMP: one crown of long boughs at the very top of a bare stem. Five cards in a single tier is what a palm IS — the silhouette is the fan, not the stack, and giving it tiers would make it a conifer with the wrong colours"
3,tree_scrub,3,0.70,0.24,0.20,0.14,0.10@0.00;0.06@1.00,3,0.42@0.70;0.72@0.44,"DESERT, STEPPE AND TUNDRA: low, sparse, wind-cut. Same machinery, smaller numbers — which is the whole point of shape being a row: a scrub is not a special case of a tree, it is a tree with its own line"
4,tree_far,3,0.98,0.26,0.19,0.13,0.10@0.00;0.05@1.00,2,0.46@0.80;0.78@0.48,"THE LOD RUNG: far enough that a facet and a tier are under a pixel. A ROW rather than a branch precisely so the switch is a choice of profile and never a second law of what a tree is"
